<?xml version="1.0" encoding="UTF-8" ?>

<!DOCTYPE module_updates PUBLIC "-//NetBeans//DTD Autoupdate Catalog 2.6//EN" "http://www.netbeans.org/dtds/autoupdate-catalog-2_6.dtd">
<module_updates timestamp="31/54/15/15/09/2015">



<module_group name="Tools">

<module codenamebase="org.uml.dom4j" distribution="org-uml-dom4j.nbm" downloadsize="97338" homepage="https://java.net/projects/nb-uml-plugin" license="B2B74E56" moduleauthor="Open Source Software Development Center, Faculty of Organisational Sciences, University of Belgrade" needsrestart="false" releasedate="2015/09/15" targetcluster="nbuml">
    <manifest AutoUpdate-Show-In-Client="false" OpenIDE-Module="org.uml.dom4j" OpenIDE-Module-Display-Category="Tools" OpenIDE-Module-Implementation-Version="150915" OpenIDE-Module-Java-Dependencies="Java &gt; 1.7" OpenIDE-Module-Long-Description="This module is a part of easyUML tool and contains a wrapped dom4j library." OpenIDE-Module-Name="dom4j" OpenIDE-Module-Requires="org.openide.modules.ModuleFormat1" OpenIDE-Module-Short-Description="This module is a part of easyUML tool and contains a wrapped dom4j library." OpenIDE-Module-Specification-Version="1.2"/>
    
</module>

<module codenamebase="com.github.javaparser" distribution="com-github-javaparser.nbm" downloadsize="181046" homepage="" license="B84C6956" moduleauthor="" needsrestart="false" releasedate="2015/09/15" targetcluster="nbuml">
    <manifest AutoUpdate-Show-In-Client="false" OpenIDE-Module="com.github.javaparser" OpenIDE-Module-Display-Category="Tools" OpenIDE-Module-Implementation-Version="150915" OpenIDE-Module-Java-Dependencies="Java &gt; 1.7" OpenIDE-Module-Long-Description="JavaParser for parsing of Java files and code generation. Java 8 code supported. http://javaparser.github.io/javaparser/" OpenIDE-Module-Name="JavaParser" OpenIDE-Module-Requires="org.openide.modules.ModuleFormat1" OpenIDE-Module-Short-Description="JavaParser with Java 8 support. http://javaparser.github.io/javaparser/" OpenIDE-Module-Specification-Version="1.2"/>
    
</module>

<module codenamebase="org.uml.newcode" distribution="org-uml-newcode.nbm" downloadsize="473535" homepage="https://java.net/projects/nb-uml-plugin" license="B2B74E56" moduleauthor="Open Source Software Development Center, Faculty of Organisational Sciences, University of Belgrade" needsrestart="false" releasedate="2015/09/15" targetcluster="nbuml">
    <manifest AutoUpdate-Show-In-Client="false" OpenIDE-Module="org.uml.newcode" OpenIDE-Module-Display-Category="Tools" OpenIDE-Module-Implementation-Version="150915" OpenIDE-Module-Java-Dependencies="Java &gt; 1.7" OpenIDE-Module-Long-Description="This module is a part of easyUML tool and contains support for code generation." OpenIDE-Module-Module-Dependencies="com.github.javaparser &gt; 1.1, org.apache.commons.io &gt; 1.4, org.netbeans.modules.projectapi/1 &gt; 1.60.2, org.netbeans.modules.projectuiapi/1 &gt; 1.78.1.8, org.openide.awt &gt; 7.62.1, org.openide.filesystems &gt; 8.12.1, org.openide.loaders &gt; 7.57.2, org.openide.nodes &gt; 7.39.1, org.openide.util &gt; 8.39.1, org.openide.util.lookup &gt; 8.25.1, org.openide.windows &gt; 6.71.1, org.uml.filetype &gt; 1.0, org.uml.model &gt; 1.0" OpenIDE-Module-Name="UMLCodeGenerator" OpenIDE-Module-Requires="org.openide.modules.ModuleFormat1" OpenIDE-Module-Short-Description="This module is a part of easyUML tool and contains support for code generation." OpenIDE-Module-Specification-Version="1.2"/>
    
</module>

<module codenamebase="org.uml.model" distribution="org-uml-model.nbm" downloadsize="23050" homepage="https://java.net/projects/nb-uml-plugin" license="B2B74E56" moduleauthor="Open Source Software Development Center, Faculty of Organisational Sciences, University of Belgrade" needsrestart="false" releasedate="2015/09/15" targetcluster="nbuml">
    <manifest AutoUpdate-Show-In-Client="false" OpenIDE-Module="org.uml.model" OpenIDE-Module-Display-Category="Tools" OpenIDE-Module-Implementation-Version="150915" OpenIDE-Module-Java-Dependencies="Java &gt; 1.7" OpenIDE-Module-Long-Description="This module is a part of easyUML and  contains  classes for creating object models of uml class diagrams" OpenIDE-Module-Module-Dependencies="com.github.javaparser &gt; 1.1" OpenIDE-Module-Name="UMLModel" OpenIDE-Module-Requires="org.openide.modules.ModuleFormat1" OpenIDE-Module-Short-Description="This module is a part of easyUML and  contains  classes for creating object models of uml class diagrams" OpenIDE-Module-Specification-Version="1.2.2"/>
    
</module>

</module_group>

<module_group name="UML">

<module codenamebase="easyuml" distribution="easyuml.nbm" downloadsize="13552" homepage="https://java.net/projects/nb-uml-plugin" license="B2B74E56" moduleauthor="Open Source Software Development Center, Faculty of Organisational Sciences, University of Belgrade" needsrestart="false" releasedate="2015/09/15" targetcluster="nbuml">
    <manifest AutoUpdate-Show-In-Client="true" OpenIDE-Module="easyuml" OpenIDE-Module-Display-Category="UML" OpenIDE-Module-Implementation-Version="150915" OpenIDE-Module-Java-Dependencies="Java &gt; 1.7" OpenIDE-Module-Long-Description="easyUML provides UML drawing features, code generation and creation of UML class diagrams from Java code. It is being developed at Open Source Software Development Center at Faculty of Organisational Sciences, University of Belgrade." OpenIDE-Module-Module-Dependencies="com.github.javaparser &gt; 1.1, org.uml.dom4j &gt; 1.0, org.uml.explorer &gt; 1.0, org.uml.filetype &gt; 1.0, org.uml.model &gt; 1.0, org.uml.newcode &gt; 1.0, org.uml.project &gt; 1.1, org.uml.reveng &gt; 1.0, org.uml.visual &gt; 1.0" OpenIDE-Module-Name="easyUML" OpenIDE-Module-Requires="org.openide.modules.ModuleFormat1" OpenIDE-Module-Short-Description="easyUML is simple, easy to use NetBeans UML Plugin" OpenIDE-Module-Specification-Version="1.2.2"/>
    
</module>

<module codenamebase="org.uml.explorer" distribution="org-uml-explorer.nbm" downloadsize="36085" homepage="https://java.net/projects/nb-uml-plugin" license="B2B74E56" moduleauthor="Open Source Software Development Center, Faculty of Organisational Sciences, University of Belgrade" needsrestart="false" releasedate="2015/09/15" targetcluster="nbuml">
    <manifest AutoUpdate-Show-In-Client="false" OpenIDE-Module="org.uml.explorer" OpenIDE-Module-Display-Category="UML" OpenIDE-Module-Implementation-Version="150915" OpenIDE-Module-Java-Dependencies="Java &gt; 1.7" OpenIDE-Module-Long-Description="This module is a part of easyUML tool and provides support for explorer tree view for UML class diagrams." OpenIDE-Module-Module-Dependencies="org.netbeans.api.visual &gt; 2.43.1, org.netbeans.modules.settings/1 &gt; 1.45.1, org.openide.actions &gt; 6.35.1, org.openide.awt &gt; 7.62.1, org.openide.explorer &gt; 6.57.1, org.openide.loaders &gt; 7.57.2, org.openide.nodes &gt; 7.39.1, org.openide.util &gt; 8.39.1, org.openide.util.lookup &gt; 8.25.1, org.openide.windows &gt; 6.71.1, org.uml.model &gt; 1.0" OpenIDE-Module-Name="UMLExplorer" OpenIDE-Module-Requires="org.openide.modules.ModuleFormat1" OpenIDE-Module-Short-Description="This module is a part of easyUML tool and provides support for explorer tree view for UML class diagrams." OpenIDE-Module-Specification-Version="1.2"/>
    
</module>

<module codenamebase="org.uml.filetype" distribution="org-uml-filetype.nbm" downloadsize="106306" homepage="https://java.net/projects/nb-uml-plugin" license="B2B74E56" moduleauthor="Open Source Software Development Center, Faculty of Organisational Sciences, University of Belgrade" needsrestart="false" releasedate="2015/09/15" targetcluster="nbuml">
    <manifest AutoUpdate-Show-In-Client="false" OpenIDE-Module="org.uml.filetype" OpenIDE-Module-Display-Category="UML" OpenIDE-Module-Implementation-Version="150915" OpenIDE-Module-Java-Dependencies="Java &gt; 1.7" OpenIDE-Module-Long-Description="This module is a part of easyUML tool and provides support for UML diagram file types." OpenIDE-Module-Module-Dependencies="org.netbeans.api.visual &gt; 2.43.1, org.netbeans.core.multiview/1 &gt; 1.40.1, org.netbeans.modules.projectapi/1 &gt; 1.60.2, org.openide.awt &gt; 7.62.1, org.openide.dialogs &gt; 7.38.1, org.openide.explorer &gt; 6.57.1, org.openide.filesystems &gt; 8.12.1, org.openide.loaders &gt; 7.57.2, org.openide.nodes &gt; 7.39.1, org.openide.text &gt; 6.62.2, org.openide.util &gt; 8.39.1, org.openide.util.lookup &gt; 8.25.1, org.openide.windows &gt; 6.71.1, org.uml.dom4j &gt; 1.0, org.uml.model &gt; 1.0, org.uml.visual &gt; 1.0" OpenIDE-Module-Name="UMLFileTypes" OpenIDE-Module-Requires="org.openide.modules.ModuleFormat1" OpenIDE-Module-Short-Description="This module is a part of easyUML tool and provides support for UML diagram file types." OpenIDE-Module-Specification-Version="1.2"/>
    
</module>

<module codenamebase="org.uml.project" distribution="org-uml-project.nbm" downloadsize="25583" homepage="https://java.net/projects/nb-uml-plugin" license="B2B74E56" moduleauthor="Open Source Software Development Center, Faculty of Organisational Sciences, University of Belgrade" needsrestart="false" releasedate="2015/09/15" targetcluster="nbuml">
    <manifest AutoUpdate-Show-In-Client="false" OpenIDE-Module="org.uml.project" OpenIDE-Module-Display-Category="UML" OpenIDE-Module-Implementation-Version="150915" OpenIDE-Module-Java-Dependencies="Java &gt; 1.7" OpenIDE-Module-Long-Description="This module is a part of easyUML and contains support for easyUML project type." OpenIDE-Module-Module-Dependencies="org.netbeans.api.annotations.common/1 &gt; 1.24.1, org.netbeans.modules.projectapi/1 &gt; 1.60.2, org.netbeans.modules.projectuiapi/1 &gt; 1.78.1.8, org.openide.awt &gt; 7.62.1, org.openide.dialogs &gt; 7.38.1, org.openide.filesystems &gt; 8.12.1, org.openide.loaders &gt; 7.57.2, org.openide.nodes &gt; 7.39.1, org.openide.util &gt; 8.39.1, org.openide.util.lookup &gt; 8.25.1, org.openide.windows &gt; 6.71.1, org.uml.filetype &gt; 1.0" OpenIDE-Module-Name="UMLProjectType" OpenIDE-Module-Requires="org.openide.modules.ModuleFormat1" OpenIDE-Module-Short-Description="This module is a part of easyUML and contains support for easyUML project type." OpenIDE-Module-Specification-Version="1.2"/>
    
</module>

<module codenamebase="org.uml.reveng" distribution="org-uml-reveng.nbm" downloadsize="22422" homepage="https://java.net/projects/nb-uml-plugin" license="B2B74E56" moduleauthor="Open Source Software Development Center, Faculty of Organisational Sciences, University of Belgrade" needsrestart="false" releasedate="2015/09/15" targetcluster="nbuml">
    <manifest AutoUpdate-Show-In-Client="false" OpenIDE-Module="org.uml.reveng" OpenIDE-Module-Display-Category="UML" OpenIDE-Module-Implementation-Version="150915" OpenIDE-Module-Java-Dependencies="Java &gt; 1.7" OpenIDE-Module-Long-Description="This module is a part of easyUML tool and contains support for reverse engineering - creating class diagrams from Java code." OpenIDE-Module-Module-Dependencies="com.github.javaparser &gt; 1.1, org.apache.commons.io &gt; 1.4, org.netbeans.api.visual &gt; 2.43.1, org.netbeans.modules.projectapi/1 &gt; 1.60.2, org.netbeans.modules.projectuiapi/1 &gt; 1.78.1.8, org.openide.awt &gt; 7.62.1, org.openide.explorer &gt; 6.57.1, org.openide.filesystems &gt; 8.12.1, org.openide.loaders &gt; 7.57.2, org.openide.nodes &gt; 7.39.1, org.openide.util &gt; 8.39.1, org.openide.util.lookup &gt; 8.25.1, org.openide.windows &gt; 6.71.1, org.uml.dom4j &gt; 1.0, org.uml.filetype &gt; 1.0, org.uml.model &gt; 1.0, org.uml.newcode &gt; 1.0, org.uml.project &gt; 1.0, org.uml.visual &gt; 1.0" OpenIDE-Module-Name="UMLReverseEngineering" OpenIDE-Module-Requires="org.openide.modules.ModuleFormat1" OpenIDE-Module-Short-Description="This module is a part of easyUML tool and contains support for reverse engineering - creating class diagrams from Java code." OpenIDE-Module-Specification-Version="1.2.1"/>
    
</module>

<module codenamebase="org.uml.visual" distribution="org-uml-visual.nbm" downloadsize="389623" homepage="https://java.net/projects/nb-uml-plugin" license="B2B74E56" moduleauthor="Open Source Software Development Center, Faculty of Organisational Sciences, University of Belgrade" needsrestart="false" releasedate="2015/09/15" targetcluster="nbuml">
    <manifest AutoUpdate-Show-In-Client="false" OpenIDE-Module="org.uml.visual" OpenIDE-Module-Display-Category="UML" OpenIDE-Module-Implementation-Version="150915" OpenIDE-Module-Java-Dependencies="Java &gt; 1.7" OpenIDE-Module-Long-Description="This module is a part of easyUML tool and provides support for UML visual editor." OpenIDE-Module-Module-Dependencies="org.netbeans.api.visual &gt; 2.43.1, org.netbeans.modules.settings/1 &gt; 1.45.1, org.netbeans.spi.navigator/1 &gt; 1.33.1, org.netbeans.spi.palette/1 &gt; 1.42.1, org.openide.awt &gt; 7.62.1, org.openide.dialogs &gt; 7.38.1, org.openide.explorer &gt; 6.57.1, org.openide.filesystems &gt; 8.12.1, org.openide.loaders &gt; 7.57.2, org.openide.nodes &gt; 7.39.1, org.openide.util &gt; 8.39.1, org.openide.util.lookup &gt; 8.25.1, org.openide.windows &gt; 6.71.1, org.uml.dom4j &gt; 1.0, org.uml.explorer &gt; 1.0, org.uml.model &gt; 1.0" OpenIDE-Module-Name="UMLVisual" OpenIDE-Module-Requires="org.openide.modules.ModuleFormat1" OpenIDE-Module-Short-Description="This module is a part of easyUML tool and provides support for UML visual editor." OpenIDE-Module-Specification-Version="1.2"/>
    
</module>

</module_group>

<license name="B84C6956" url="licenses/B84C6956.license"/>
<license name="B2B74E56" url="licenses/B2B74E56.license"/>
</module_updates>

